Prompt#,Statement 1,Statement 2,Model Response
1,Utah official symbol Celestial Pivot,Utah official symbol Beehive Cluster,yes
2,First premiership of Mahathir Mohamad has cabinet First Mahathir cabinet,First premiership of Mahathir Mohamad has cabinet Fifth Mahathir cabinet,yes
3,Utah official symbol Celestial Pivot,Utah official symbol Populus tremula,no
4,Apple M1 Max microarchitecture Apple Firestorm,Apple M1 Max microarchitecture Apple Icestorm,no
5,Belgium highest judicial authority Belgian Court of Cassation,Belgium highest judicial authority Council of State,no
6,Catalonian immigration to Mexico start point Spain,Catalonian immigration to Mexico start point Catalonia,yes
7,Trophies dataset distribution music download,Trophies dataset distribution vinyl record,no
8,German has grammatical mood imperative,German has grammatical mood indicative,no
9,Kasuliyili Senior High School category for alumni of educational institution politician,Kasuliyili Senior High School category for alumni of educational institution lawyer,no
10,Urnerboden exclave of canton of Uri,Urnerboden exclave of Spiringen,no
11,motorsport topic's main Wikimedia portal Portal:Motorsport,motorsport topic's main Wikimedia portal Portal:Motorcycle racing,yes
12,tenoxicam significant drug interaction aspirin,tenoxicam significant drug interaction chlorthalidone,no
13,Advance Wars: Dual Strike CERO rating A (All ages),Advance Wars: Dual Strike CERO rating All Ages,no
14,ASPIC statistical unit used region of France,ASPIC statistical unit used department of France,no
15,Le monde nous appartient RCQ classification G,Le monde nous appartient RCQ classification 13+,yes
16,Sparrow undercarriage conventional landing gear,Sparrow undercarriage tricycle gear,yes
17,First premiership of Mahathir Mohamad has cabinet Fifth Mahathir cabinet,First premiership of Mahathir Mohamad has cabinet First Mahathir cabinet,yes
18,Australia aircraft registration prefix VJ,Australia aircraft registration prefix VI,yes
19,Regatta at Sainte-Adresse copyright status public domain,Regatta at Sainte-Adresse copyright status copyrighted,yes
20,Dunghutti totem Mantodea,Dunghutti totem Australian Raven,no
21,The Pianist EIRIN film rating G,The Pianist EIRIN film rating PG12,yes
22,Pantaenus time period Roman Empire,Pantaenus time period Hellenistic period,yes
23,Online Database of Tibetan Living Buddhas online access status location restricted to country of publication,Online Database of Tibetan Living Buddhas online access status registration required,no
24,Swedish language regulatory body Swedish Academy,Swedish language regulatory body Institute for the Languages of Finland,no
25,Purshia tridentata NatureServe conservation status secure,Purshia tridentata NatureServe conservation status apparently secure,no
26,Alucard superhuman feature or ability telekinesis,Alucard superhuman feature or ability telepathy,no
27,St. Margaret Senior High School motto Hardworker,St. Margaret Senior High School motto prayer,yes
28,Criminal Minds list of episodes list of Criminal Minds episodes,Criminal Minds list of episodes list of Criminal Minds episodes (from season 8 on),no
29,Slackware update method slackpkg,Slackware update method Pkgtool,no
30,Rotten Tomatoes topic's main template Template:Rotten Tomatoes,Rotten Tomatoes topic's main template Template:Rotten Tomatoes person,yes
31,National Library of Israel content partnership category Category:Images donated as part of the collaboration project between National Library of Israel and Wikimedia Israel,National Library of Israel content partnership category Category:GLAM National Library of Israel,no
32,Gmork appears in the form of Canis lupus,Gmork appears in the form of human,yes
33,Kosmos 12 space launch vehicle Vostok-2,Kosmos 12 space launch vehicle Vostok,yes
34,Borsele contains settlement Hoedekenskerke,Borsele contains settlement Koekoek,no
35,square root image of function Riemann sphere,square root image of function complex plane,no
36,Cassa di Risparmio di Voghera legal form investment,Cassa di Risparmio di Voghera legal form savings bank,yes
37,Deadpool Hong Kong film rating Category IIB,Deadpool Hong Kong film rating Category III,yes
38,Europeana entity property usage tracking category Category:Pages using Wikidata property P7704,Europeana entity property usage tracking category Category:Europeana,no.
39,Centre for Eastern European Studies substitute/deputy/replacement of office/officeholder Adam Eberhardt,Centre for Eastern European Studies substitute/deputy/replacement of office/officeholder Helena Krasowska,no
40,Guglielmo voice type bass,Guglielmo voice type baritone,yes
41,WikiTeam interested in wiki,WikiTeam interested in digital preservation,no
42,Luxembourgish indigenous to Luxembourg,Luxembourgish indigenous to Luxembourg,no
43,Chiquitita modified version of Three Wise Guys,Chiquitita modified version of Chiquitita Angelina,yes
44,benedictive grammatical option indicates wish,benedictive grammatical option indicates blessing,no
45,Japanese castle category for the view from the item Category:Views from castles in Japan,Japanese castle category for the view from the item Category:Views from castles of Japan,no
46,Vim supports programming language HTML,Vim supports programming language Go,no
47,anthrax disease transmission process airborne transmission,anthrax disease transmission process contact transmission,no
48,The Crow MTRCB rating R-16,The Crow MTRCB rating R-18,yes
49,John Wick: Chapter 2 BBFC rating 15 certificate,John Wick: Chapter 2 BBFC rating 18 certificate,yes
50,official website corresponding template Template:Wikidata/P856,official website corresponding template Template:Official website,no
51,Antigua and Barbuda anthem Fair Antigua,"We Salute Thee, Antigua and Barbuda anthem God Save the King",yes
52,Quechua category for films in this language Category:Southern Quechua-language films,Quechua category for films in this language Category:Quechua-language films,no
53,勺 grade of kanji jōyō kanji,勺 grade of kanji jinmeiyō kanji,yes
54,Narrhalla Achern 1873 motto Narri – Narro,Narrhalla Achern 1873 motto Helau,yes
55,RRC 522/1 central bank/issuer Mark Antony,RRC 522/1 central bank/issuer Lucius Munatius Plancus,no
56,Saraswati domain of saint or deity music,Saraswati domain of saint or deity art,no
57,Eugen Weidmann manner of death capital punishment,Eugen Weidmann manner of death public execution,no
58,Bruges subreddit bruges,Bruges subreddit brugge,no
59,geophysics is the study of Earth,geophysics is the study of geological process,no
60,kelvin measured physical quantity thermodynamic temperature,kelvin measured physical quantity superconduction transition temperature,no
61,Allies of the First World War opposite of Germany,Allies of the First World War opposite of Austria-Hungary,no
62,First premiership of Mahathir Mohamad has cabinet Fifth Mahathir cabinet,First premiership of Mahathir Mohamad has cabinet Fourth Mahathir cabinet,yes
63,Adalbert canonization status saint,Adalbert canonization status Catholic saint,no
64,geophysics is the study of Earth,geophysics is the study of magmatism,no
65,Legal Research Development online access status paywall,Legal Research Development online access status free to read,yes
66,Latin has grammatical case vocative case,Latin has grammatical case nominative case,no
67,vanadinite color yellow,vanadinite color brown,no
68,Eos iconographic symbol saffron,Eos iconographic symbol cloak,no
69,Academy Award for Best Actor category for recipients of this award Category:Best Actor Academy Award winners,Academy Award for Best Actor category for recipients of this award Category:Films featuring a Best Actor Academy Award–winning performance,no
70,evolution has immediate cause survival of the fittest,evolution has immediate cause selective breeding,yes
71,Adelegg highest point Ursersberg,Adelegg highest point Hauptmannsberg,yes
72,aescin has active ingredient escin Ia,aescin has active ingredient saponin,no
73,Ulysses space tug PAM-S,Ulysses space tug Inertial Upper Stage,no
74,Wario wears shoe,Wario wears belt,no
75,Burlakov case court Panama,Burlakov case court United States,yes
76,Camino copyright license GNU General Public License,Camino copyright license GNU Lesser General Public License,yes
77,Kasuliyili Senior High School category for alumni of educational institution lawyer,Kasuliyili Senior High School category for alumni of educational institution politician,no
78,Grandpaw Mort Barker animal breed basset hound,Grandpaw Mort Barker animal breed beagle,yes
79,praporshchik next higher rank starshy praporshchik,praporshchik next higher rank junior lieutenant,yes
80,Segezhskoe outflows Segezha,Segezhskoe outflows Obzhanka,yes
81,price type of unit for this property fictional currency,price type of unit for this property currency,yes
82,Arabic language regulatory body Academy of the Arabic Language in Cairo,Arabic language regulatory body Iraqi Academy of Sciences,no
83,sine mathematical inverse cosecant,sine mathematical inverse arcsine,yes
84,Earth child astronomical body Hubble Space Telescope,Earth child astronomical body Blue Ring Pathfinder,no
85,humanities is the study of history,humanities is the study of religion,no
86,Vantaa Parish Union diocese Diocese of Helsinki,Vantaa Parish Union diocese Diocese of Borgå,yes
87,official website corresponding template Template:Official URL,official website corresponding template Template:Wikidata/P856,no
88,sorghum natural product of taxon Sorghum,sorghum natural product of taxon Sorghum bicolor,no
89,National Heroes Cemetery in Rwanda category for people buried here Fred Rwigyema,National Heroes Cemetery in Rwanda category for people buried here Félicité Niyitegeka,no
90,Dinorwig Power Station reservoir created Llyn Peris,Dinorwig Power Station reservoir created Marchlyn Mawr,no
91,Isfahan economy of topic economy of Isfahan,Isfahan economy of topic Economy in Isfahan,no
92,Anatoly Nikolaevich Petrov military branch navy,Anatoly Nikolaevich Petrov military branch Soviet Navy,no
93,Project 5155 moved by General Administration of Press and Publication,Project 5155 moved by Publicity Department of the Chinese Communist Party,yes
94,Machikado Museums is metaclass for museum,Machikado Museums is metaclass for art museum,no
95,Imperial Noble Consort Shujia Eight Banner register Manchu Plain Yellow Banner,Imperial Noble Consort Shujia Eight Banner register Bondservant Division of Plain Yellow Banner,yes
96,1984 Balkan Bulgarian Tupolev Tu-134 crash start point Berlin,1984 Balkan Bulgarian Tupolev Tu-134 crash start point Berlin Schönefeld Airport,no
97,Hintertreppe director of photography Willy Hameister,Hintertreppe director of photography Karl Hasselmann,yes
98,Apple M1 Pro microarchitecture Apple Icestorm,Apple M1 Pro microarchitecture Apple Firestorm,no
99,Base −1 ± i radix −1−i,Base −1 ± i radix −1+i,yes
100,Japan has seal,"badge, or sigil national seal, Japan has seal, badge, or sigil Imperial Seal of Japan",no
101,Daewoo organizational divisions Daewoo Motors,Daewoo organizational divisions Mirae Asset Securities,no
102,Order of the Wendish Crown donated by Frederick William,"Grand Duke of Mecklenburg-Strelitz, Order of the Wendish Crown donated by Frederick Francis II",yes
103,Tbilisi capital of Georgia,Tbilisi capital of Military Council,no
104,Canada diplomatic relation Hungary,Canada diplomatic relation Spain,no
105,spaceflight practiced by astronaut,spaceflight practiced by cosmonaut,no
106,water has characteristic color,water has characteristic odorlessness,no
107,Vim supports programming language JavaScript,Vim supports programming language C,no
108,Prussia capital Berlin,Prussia capital Königsberg,yes
109,official website corresponding template Template:Wikidata/P856,official website corresponding template Template:Official URL,no
110,Hungarian Rhapsody: Queen Live in Budapest Australian Classification G,Hungarian Rhapsody: Queen Live in Budapest Australian Classification M,yes
111,lepo designed to carry wire rope,lepo designed to carry Synthetic rope,no
112,Global Defence Force CERO rating CERO 12,Global Defence Force CERO rating B (Ages 12 and up),no
113,weapon family is metaclass for weapon,weapon family is metaclass for weapon model,no
114,Kuzco handedness left-handedness,Kuzco handedness right-handedness,yes
115,fuang currency symbol description 方,fuang currency symbol description asterisk,yes
116,Valukarama statement is subject of Balukaram Sub Post Office,Valukarama statement is subject of UMS BALUKARAM,yes
117,AirLapse industry Internet,AirLapse industry tourism industry,no
118,Casio Exilim EX-P600 category for pictures taken with this camera Category:Taken with Casio Exilim EX-P600,Casio Exilim EX-P600 category for pictures taken with this camera Category:Taken with Casio Exilim Pro EX-P600,yes
119,Japan right to vote universal suffrage,Japan right to vote age limit,no
120,Lrp dual to ilvL,Lrp dual to adhE,no
121,Nayadic port of registry Groningen,Nayadic port of registry Willemstad,yes
122,Shaw University category for employees of the organization Category:Presidents of Shaw University,Shaw University category for employees of the organization Category:Shaw University faculty,no
123,Betacoronavirus 1 replaced synonym (for nom. nov.) Human coronavirus OC43,Betacoronavirus 1 replaced synonym (for nom. nov.) Porcine hemagglutinating encephalomyelitis virus,no
124,Validator depends on software PHP,Validator depends on software MediaWiki,no
125,lansoprazole legal status (medicine) prescription drug,lansoprazole legal status (medicine) boxed warning,no
126,Eos iconographic symbol saffron,Eos iconographic symbol tiara,no
127,outlier test method Mahalanobis distance,outlier test method anomaly detection,no
128,European Union legislative body European Parliament,European Union legislative body Council of the European Union,no
129,Agworok people economy of topic rice,Agworok people economy of topic yam,yes
130,cube base equilateral triangle,cube base square,yes
131,Ireland member of European Union,Ireland member of World Meteorological Organization,no
132,Betacoronavirus 1 replaced synonym (for nom. nov.) Human coronavirus OC43,Betacoronavirus 1 replaced synonym (for nom. nov.) Bovine coronavirus,no
133,Judaism foundational text Talmud,Judaism foundational text Torah,no
134,White-bellied Rat Wildlife Protection Act 1972 (India) schedule Schedule V of Wildlife Protection Act,"1972, White-bellied Rat Wildlife Protection Act 1972 (India) schedule Schedule IV of Wildlife Protection Act, 1972",yes
135,Charmed list of characters list of Charmed villains,Charmed list of characters list of Charmed characters,no
136,influenza disease transmission process direct transmission,influenza disease transmission process airborne transmission,no
137,Aureolus praenomen Marcus,Aureolus praenomen Manius,yes
138,Vincent Cassel filmography La Haine,Vincent Cassel filmography Irréversible,no
139,House of the Dead Hong Kong film rating Category IIB,House of the Dead Hong Kong film rating Category III,yes
140,Caroline Peters list of works Beautiful Women,Caroline Peters list of works Princess,no
141,LoC HABS/HAER/HALS place ID corresponding template Template:HABS,LoC HABS/HAER/HALS place ID corresponding template Template:HAER,no
142,Countess Ludwika Tyzenhauz family House of Tiesenhausen,Countess Ludwika Tyzenhauz family House of Grabowski (Oksza),yes
143,typology of the Etruscans mythological theme is metaclass for Greek mythology,typology of the Etruscans mythological theme is metaclass for theme,no
144,Aygün Kazimova category of associated people Snoop Dogg,Aygün Kazimova category of associated people David Vendetta,no
145,Doctor Who list of episodes list of Doctor Who episodes (2005–present),Doctor Who list of episodes list of special Doctor Who episodes (since 2005),no
146,Olsztyn Cathedral category for the exterior of the item Category:Exterior of the Olsztyn Cathedral at night,Olsztyn Cathedral category for the exterior of the item Category:Exterior of the Olsztyn Cathedral,no
147,Prince Albert of York (1895-1952),"later King George VI pendant of Princess Mary of York (1897-1965), later Princess Royal and Countess of Harewood, Prince Albert of York (1895-1952), later King George VI pendant of Prince Edward of York (1894-1972), later King Edward VIII",no
148,evolution has immediate cause survival of the fittest,evolution has immediate cause natural selection,no
149,Dota Underlords takes place in fictional universe Dota 2,Dota Underlords takes place in fictional universe Dota universe,no
150,defendant opposite of prosecutor,defendant opposite of plaintiff,no
151,Amphibia main food source insect,Amphibia main food source worm,yes
152,Neutrino home world Neutrino homeworld,Neutrino home world Neutrino,no
153,Mindaugas noble title king,Mindaugas noble title Grand Duke of Lithuania,no
154,Dan activator of ttdR,Dan activator of ttdB,no
155,Taiwan highest judicial authority Justice of the Judicial Yuan,Taiwan highest judicial authority Supreme Administrative Court,"no. 

**explanation**:  
- statement 1 correctly identifies the **judicial yuan** as taiwan's highest judicial authority, responsible for constitutional interpretation and overseeing all courts.  
- statement 2 references the **supreme administrative court**, a specialized high court *under* the judicial yuan. it is not the highest judicial authority.  
- both describe aspects of taiwan's judicial system but are not contradictory. the judicial yuan remains the apex body."
156,Vim SourceForge project vim,Vim SourceForge project vimdoc,no
157,Goh has pet Fletchling,Goh has pet Ariados,no
158,Ramarama UNESCO language status 2 vulnerable,Ramarama UNESCO language status 5 critically endangered,yes
159,omniverse named after Universe,omniverse named after Omnes,yes
160,Zaanland port of registry Amsterdam,Zaanland port of registry Panama City,yes
161,Manhole Dog animal breed beagle,Manhole Dog animal breed French Bulldog,yes
162,Chiococca alba NatureServe conservation status secure,Chiococca alba NatureServe conservation status apparently secure,no
163,Die Heiligen Georg und Mauritius is verso of Die Heiligen Genoveva und Lucia,Die Heiligen Georg und Mauritius is verso of Die Heiligen Margareta und Ottilia,yes
164,Downfall after a work by Albert Speer,Downfall after a work by Joachim Fest,yes
165,People's Republic of China top-level Internet domain .中国,People's Republic of China top-level Internet domain .cn,no
166,museum shop typically sells book,museum shop typically sells decorative poster,no
167,Russia designated as terrorist by Slovakia,Russia designated as terrorist by Lithuania,no
168,Gardens of the Rector’s fountain moved by Àmbit metropolità de Barcelona,Gardens of the Rector’s fountain moved by Sant Climent de Llobregat city council,no
169,Gunnhildr Sveinsdóttir family Earls of Lade,Gunnhildr Sveinsdóttir family Hlaðir dynasty,no
170,Ireland member of European Union,Ireland member of International Bank for Reconstruction and Development,no
171,Switzerland language used French,Switzerland language used German,no
172,Duke Nukem II USK rating USK 0,Duke Nukem II USK rating USK 12,yes
173,paragonimiasis anatomical location lung,paragonimiasis anatomical location abdomen,no
174,⺀ radical Kangxi radical 3 (⼂),⺀ radical Kangxi radical 15 (⼎),yes
175,Davis Cup topic's main template Template:Davis Cup player,Davis Cup topic's main template Template:Davis Cup,yes
176,Spore game mechanics procedural generation,Spore game mechanics open world,no
177,bort appears in the form of gravel,bort appears in the form of nanoparticle,no
178,Wuhan Huanan Seafood Wholesale Market typically sells snake,Wuhan Huanan Seafood Wholesale Market typically sells fish as food,no
179,Aygün Kazimova category of associated people Snoop Dogg,Aygün Kazimova category of associated people Alim Qasimov,no
180,Nulytely has active ingredient sodium chloride,Nulytely has active ingredient sodium bicarbonate,yes
181,Portal:Military Wikimedia portal's main topic war,Portal:Military Wikimedia portal's main topic military,no
182,The House of the Dead ELSPA rating 3+,The House of the Dead ELSPA rating 11+,yes
183,Primal Fear NMHH film rating Category IV,Primal Fear NMHH film rating Category V,yes
184,Christmas place of publication Canada,Christmas place of publication United States,yes
185,Portal:Washington,"D.C. Wikimedia portal's main topic Washington, D.C., Portal:Washington, D.C. Wikimedia portal's main topic District of Columbia",no
186,Carex macloviana NatureServe conservation status secure,Carex macloviana NatureServe conservation status apparently secure,no
187,Bloch MB.220 wing configuration cantilever,Bloch MB.220 wing configuration monoplane,no
188,Loire tributary Divatte,Loire tributary Bresbre,no
189,Czechoslovakia central bank National Bank of Czechoslovakia,Czechoslovakia central bank State Bank of Czechoslovakia,yes
190,Balistrad intended public Haiti,Balistrad intended public intellectual,no
191,Czechoslovakia legislative body National Assembly of the Czechoslovak Republic,Czechoslovakia legislative body Provisional National Assembly of Czechoslavakia,no
192,Iowa lowest point Mississippi River,Iowa lowest point Des Moines River,yes
193,omphacite space group space group P2/n,omphacite space group space group C2/c,no
194,岐 grade of kanji jōyō kanji,岐 grade of kanji grade 4 kyōiku kanji,no
195,⺀ radical Kangxi radical 3 (⼂),⺀ radical CJK radical repeat (⺀),no
196,Kingdom of France legislative body Estates General,Kingdom of France legislative body National Constituent Assembly,no
197,Sweden highest judicial authority Supreme Administrative Court of Sweden,Sweden highest judicial authority Supreme Court of Sweden,yes
198,Khortytsia stated in Soviet encyclopedia of the history of Ukraine,Khortytsia stated in Ukrainian Soviet Encyclopedia,no
199,Raven superhuman feature or ability telekinesis,Raven superhuman feature or ability flight,no
200,bass guitar lowest note C♯,bass guitar lowest note D,yes
201,Heat RCQ classification 16+,Heat RCQ classification 13+,yes
202,aerugite streak color light blue green,aerugite streak color bright green,yes
203,Gansu party chief representative Zhang Desheng,Gansu party chief representative Su Rong,yes
204,KCRW radio format Eclecticism,KCRW radio format public radio,no
205,National Heroes Cemetery in Rwanda category for people buried here Agathe Uwilingiyimana,National Heroes Cemetery in Rwanda category for people buried here Félicité Niyitegeka,no
206,aspirin medical condition treated myocardial infarction,aspirin medical condition treated osteoarthritis,no
207,Abraham worshipped by Islam,Abraham worshipped by Judaism,no
208,Halictidae is pollinator of Aetheorhiza bulbosa,Halictidae is pollinator of Eriogonum latifolium,no
209,libcurl manifestation of HTTP,libcurl manifestation of Simple Mail Transfer Protocol,no
210,Fourvière category for the view of the item Category:Views of Fourvière,Fourvière category for the view of the item Category:Views of Lyon from Fourvière,no
211,Alien 3 BBFC rating 15 certificate,Alien 3 BBFC rating 18 certificate,yes
212,Anadyr Köppen climate classification oceanic climate,Anadyr Köppen climate classification subarctic climate,yes
213,Dee Gordon handedness left-handedness,Dee Gordon handedness right-handedness,yes
214,Italian has grammatical mood infinitive,Italian has grammatical mood indicative,no
215,One Direction: This Is Us NMHH film rating Category II,One Direction: This Is Us NMHH film rating Category I,yes
216,Female Figure Holding a Bridle [reverse] is verso of Elisabetta Gonzaga,"died 1528, Duchess of Urbino, Wife of Guidobaldo I 1489 [obverse], Female Figure Holding a Bridle [reverse] is verso of Elisabetta Gonzaga, died 1526, Duchess of Urbino, Wife of Guidobaldo I 1489 [obverse]",yes
217,Grjotgard Herlaugsson family Earls of Lade,Grjotgard Herlaugsson family Hlaðir dynasty,no
218,Wikibase depends on software PHP,Wikibase depends on software MediaWiki,no
219,kitsch has contributing factor Industrial Revolution,kitsch has contributing factor urbanization,no
220,2024 EBSA European Snooker Championship tournament type championship,2024 EBSA European Snooker Championship tournament type qualification tournament,yes
221,Parodia replaced synonym (for nom. nov.) Wigginsia,Parodia replaced synonym (for nom. nov.) Malacocarpus Salm-Dyck (1850) non Fisch. & C.A.Mey. (1843),no
222,formosulfathiazole polymer of sulfathiazole,formosulfathiazole polymer of formaldehyde,yes
223,Francisco Javier de Elío manner of death capital punishment,Francisco Javier de Elío manner of death garrote,no
224,1957 Modena Grand Prix fastest lap Luigi Musso,1957 Modena Grand Prix fastest lap Jean Behra,yes
225,French has tense future perfect,French has tense present participle,no
226,A-001 space launch vehicle Little Joe,A-001 space launch vehicle Little Joe II,no
227,Konak state of use proposed building or structure,Konak state of use in use,yes
228,spouse subproperty of significant person,spouse subproperty of relative,no
229,Dīwān ul-Lughat al-Turk copyright status public domain,Dīwān ul-Lughat al-Turk copyright status copyrighted,yes
230,French has tense pluperfect,French has tense future perfect,no
231,Lrp dual to dgcM,Lrp dual to aspA,no
232,Category:1562 in Spain category for the view of the item Category:View of Madrid (preparatory drawing),"Anthonis van den Wijngaerde, Category:1562 in Spain category for the view of the item Category:View of Madrid (final drawing), Anthonis van den Wijngaerde",yes
233,Europeana entity property usage tracking category Category:Europeana,Europeana entity property usage tracking category Category:Pages using Wikidata property P7704,no
234,WDWD radio format Christian radio,WDWD radio format talk radio,no
235,Boomer produced sound vomiting,Boomer produced sound burping,no
236,pyrrhotite crystal habit tabular,pyrrhotite crystal habit prismatic,yes
237,Aygün Kazimova category of associated people David Vendetta,Aygün Kazimova category of associated people Snoop Dogg,no
238,humanities is the study of history,humanities is the study of art,no
239,Google owner of Google Drive,Google owner of Jaiku,no
240,Haapa ‎breed belongs to taxon Bos mutus grunniensis,Haapa ‎breed belongs to taxon Bos grunniens,no
241,Fetcher animal breed Labrador retriever,Fetcher animal breed beagle,no
242,siemens measured physical quantity electrical conductance,siemens measured physical quantity conductance for alternating current,no
243,German has grammatical mood subjunctive,German has grammatical mood imperative,no
244,Rotten Tomatoes topic's main template Template:Rotten Tomatoes,Rotten Tomatoes topic's main template Template:Rotten Tomatoes TV,no
245,Great Diamond constellation Boötes,Great Diamond constellation Virgo,yes
246,human properties for this type image,human properties for this type occupation,no
247,Hastein subject named as Haftingus,Hastein subject named as Aflengo Nantolio,yes
248,van den Branden de Reeth infix van den,van den Branden de Reeth infix de,yes
249,Gustav port of registry Hamburg,Gustav port of registry Potsdam,yes
250,Prince Edward of York (1894-1972),"later King Edward VIII pendant of Prince Albert of York (1895-1952), later King George VI, Prince Edward of York (1894-1972), later King Edward VIII pendant of Princess Mary of York (1897-1965), later Princess Royal and Countess of Harewood",no
251,tenoxicam significant drug interaction aspirin,tenoxicam significant drug interaction bumetanide,no
252,square root codomain complex plane,square root codomain set of real numbers,yes
253,fuang currency symbol description 方,fuang currency symbol description F,yes
254,Robin member of the crew of Batmobile,Robin member of the crew of Batplane,no
255,ferrisepiolite streak color brown,ferrisepiolite streak color white,yes
256,Tomka family infix -i,Tomka family infix de,yes
257,Irish has grammatical gender feminine,Irish has grammatical gender masculine,no
258,skull arterial supply internal carotid artery,skull arterial supply external carotid artery,yes
259,Ulysses space tug Inertial Upper Stage,Ulysses space tug PAM-S,no
260,gallium phosphate crystal system trigonal crystal system,gallium phosphate crystal system hexagonal crystal system,yes
261,closest string computational complexity NP-complete,closest string computational complexity NP-hardness,no
262,Veneto docking port port of Chioggia,Veneto docking port Port of Venice,yes
263,2005–06 La Liga rules for classification more points,2005–06 La Liga rules for classification more head-to-head points,no
264,Erich Mühsam manner of death capital punishment,Erich Mühsam manner of death homicide,no
265,Nobel Peace Prize winner Barack Obama,Nobel Peace Prize winner Ludwig Quidde,no
266,Google child organization/unit Waymo,Google child organization/unit SlickLogin,no
267,Loire tributary Divatte,Loire tributary Furan,no
268,loveringite crystal system trigonal crystal system,loveringite crystal system hexagonal crystal system,yes
269,Pégaso web interface software OpenMP,Pégaso web interface software Intel oneAPI Math Kernel Library,no
270,Campanulaceae has fruit type pyxidium,Campanulaceae has fruit type berry,yes
271,Kasuliyili Senior High School category for alumni of educational institution teacher,Kasuliyili Senior High School category for alumni of educational institution politician,no
272,France located in or next to body of water Atlantic Ocean,France located in or next to body of water North Sea,no
273,Mathematica writable file format JSON,Mathematica writable file format tar,no
274,Darhan Eight Banner register Manchu Bordered Yellow Banner,Darhan Eight Banner register Manchu Plain Blue Banner,yes
275,Bulgarian has grammatical gender feminine,Bulgarian has grammatical gender neuter,no
276,Wikidata dataset distribution Wikidata RDF Dump Format,Wikidata dataset distribution Wikidata JSON dumps,no
277,tenoxicam significant drug interaction aspirin,tenoxicam significant drug interaction triamterene,no
278,Rothe coat of arms deer,Rothe coat of arms oak,no
279,Bionicle Heroes ESRB rating Everyone,Bionicle Heroes ESRB rating Teen,yes
280,Japan significant event World War II,Japan significant event Fukushima Daiichi nuclear disaster,no
281,Dan activator of ttdA,Dan activator of ttdT,no
282,France production statistics champagne,France production statistics cider,no
283,Canis different from dog,Canis different from jackal,no
284,Sastavci enclave within Zlatibor District,Sastavci enclave within Priboj Municipality,no
285,Latin has grammatical case ablative case,Latin has grammatical case genitive case,no
286,Rolando distributed by Apple,Rolando distributed by App Store,no
287,Eos iconographic symbol saffron,Eos iconographic symbol rose,no
288,Crayon Shin-chan list of episodes list of Crayon Shin-chan episodes,Crayon Shin-chan list of episodes list of Crayon Shin-chan episodes,no
289,Ruhr lake on watercourse Hengsteysee,Ruhr lake on watercourse Harkortsee,no
290,Mathematica writable file format SVG,Mathematica writable file format text file,no
291,National Museum of World Cultures content partnership category Category:Files from the Nationaal Museum van Wereldculturen,National Museum of World Cultures content partnership category Category:Images from the Wereldmuseum Amsterdam,no
292,Korean Empire central bank Daiichi Bank,Korean Empire central bank Bank of Korea,no
293,Romana given name version for other gender Roman,Romana given name version for other gender Romano,no
294,Vim supports programming language HTML,Vim supports programming language JavaScript,no
295,Crayon Shin-chan list of episodes list of Crayon Shin-chan episodes,Crayon Shin-chan list of episodes List of Crayon Shin-chan episodes (1992–2001),no
296,aspic cuisine Russian cuisine,aspic cuisine Belarusian cuisine,no
297,Kasuliyili Senior High School category for alumni of educational institution politician,Kasuliyili Senior High School category for alumni of educational institution teacher,no
298,MCSim determination method or standard Markov chain Monte Carlo,MCSim determination method or standard Bayesian statistics,no
299,Global Defence Force CERO rating CERO 12,Global Defence Force CERO rating C (Ages 15 and up),yes
300,fuang currency symbol description F,fuang currency symbol description asterisk,yes
301,Veneto docking port Port of Lido,Veneto docking port port of Chioggia,yes
302,National Heroes Cemetery in Rwanda category for people buried here Agathe Uwilingiyimana,National Heroes Cemetery in Rwanda category for people buried here Fred Rwigyema,no
303,Golden Gate Bridge category for the view from the item Category:Views from the Golden Gate Bridge deck,Golden Gate Bridge category for the view from the item Category:Views from the Golden Gate Bridge towers,no
304,Princess Mary of York (1897-1965),"later Princess Royal and Countess of Harewood pendant of Prince Edward of York (1894-1972), later King Edward VIII, Princess Mary of York (1897-1965), later Princess Royal and Countess of Harewood pendant of Prince Albert of York (1895-1952), later King George VI",no
305,Vyacheslav Popov military branch navy,Vyacheslav Popov military branch Russian Navy,no
306,Kotscherigin TSch-3 wing configuration monoplane,Kotscherigin TSch-3 wing configuration low wing,no
307,Vulcan lifestyle vegetarianism,Vulcan lifestyle insularity,no
308,Vincent Cassel filmography La Haine,Vincent Cassel filmography Ocean's Twelve,no
309,Westfields Infant School Ofsted inspection rating Requires Improvement,Westfields Infant School Ofsted inspection rating Good,yes
310,Finland language used French,Finland language used Ossetian,no
311,Doryclus Hederich encyclopedia article Doryclvs,Doryclus Hederich encyclopedia article Doricops,yes
312,RTS Planeta online access status registration required,RTS Planeta online access status paywall,yes
313,amikacin subject has role antibiotic,amikacin subject has role bactericide,no
314,Royal Tropical Institute building category for the interior of the item Category:Interior of the Wereldmuseum Amsterdam,Royal Tropical Institute building category for the interior of the item Category:Interior of Tropeninstituut building,no
315,strawberry natural product of taxon strawberry,strawberry natural product of taxon Fragaria,no
316,song type is metaclass for song,song type is metaclass for musical work/composition,no
317,O-52 Owl wing configuration monoplane,O-52 Owl wing configuration shoulder wing,no
318,Israel official symbol Eurasian Hoopoe,Israel official symbol Canaan Dog,no
319,Bloch MB.220 wing configuration cantilever,Bloch MB.220 wing configuration low wing,no
320,Cicindelina this zoological name is coordinate with Cicindelinae,Cicindelina this zoological name is coordinate with Cicindelini,yes
321,HTC One M9+ category for pictures taken with this camera Category:Taken with HTC One M9e,HTC One M9+ category for pictures taken with this camera Category:Taken with HTC One M9+,yes
322,Hyphanet copyright license GNU General Public License,Hyphanet copyright license MIT License,yes
323,Zootopia ICAA rating general audiences,Zootopia ICAA rating Particularly suitable for kids,no
324,humanities is the study of history,humanities is the study of literature,no
325,WrestleMania organizational divisions WWE SmackDown,WrestleMania organizational divisions WWE Raw,no
326,Switzerland language used French,Switzerland language used Italian,no
327,aspirin medical condition treated myocardial infarction,aspirin medical condition treated pain,no
328,Mother 3 CERO rating A (All ages),Mother 3 CERO rating All Ages,no
329,vanillin produced by Oryza sativa,vanillin produced by Pseudomonas chlororaphis,no
330,Nobel Peace Prize winner Barack Obama,Nobel Peace Prize winner Fridtjof Nansen,no
331,Erzya Language Day category for recipients of this award Vladimir Romashkin,Erzya Language Day category for recipients of this award Chislav Zhuravlyov,no
332,Jungfernsee outflows Havel,Jungfernsee outflows Sacrow–Paretz Canal,no
333,MediaWiki depends on software PHP,MediaWiki depends on software ImageMagick,no
334,Korabl-Sputnik 2 space launch vehicle Vostok-L,Korabl-Sputnik 2 space launch vehicle Vostok,no
335,Japan significant event World War II,Japan significant event Great Hanshin Earthquake,no
336,Xylosma benthamii has basionym Flacourtia benthamii,Xylosma benthamii has basionym Myroxylon benthamii,yes
337,Sylheti uses Wikivoyage,Sylheti uses Wikispore,yes
338,HTC One M9+ category for pictures taken with this camera Category:Taken with HTC One M9+,HTC One M9+ category for pictures taken with this camera Category:Taken with HTC One M9e,no
339,Yazidism diaspora Georgia,Yazidism diaspora Australia,no
340,Wildspitze parent peak Mont Blanc,Wildspitze parent peak Ortler,yes
341,Cristinia gallica has basionym Radulum eichleri,Cristinia gallica has basionym Radulum gallicum,yes
342,Dinorwig Power Station reservoir created Marchlyn Mawr,Dinorwig Power Station reservoir created Llyn Peris,no
343,Sonic Adventure 2 USK rating USK 0,Sonic Adventure 2 USK rating USK 6,yes
344,Sancho patronym or matronym for this name Sainz,Sancho patronym or matronym for this name Saz,yes
345,Amaurose film editor Juliane Lorenz,Amaurose film editor Andrea Wenzler,yes
346,Asia shipping port Genoa,Asia shipping port Trieste,no
347,Amphibia main food source insect,Amphibia main food source Isopoda,yes
348,Noalyss depends on software PHP,Noalyss depends on software PostgreSQL,no
349,Mickey Mantle handedness ambidexterity,Mickey Mantle handedness switch-hitter,no
350,(31385) 1998 XF96 site of astronomical discovery Mérida,(31385) 1998 XF96 site of astronomical discovery Llano del Hato National Astronomical Observatory,no
351,XCENTRiC character role minimal house,XCENTRiC character role tech house,yes
352,Buddlejaceae has fruit type capsule,Buddlejaceae has fruit type berry,yes
353,Zhongdian-Yak ‎breed belongs to taxon Bos grunniens,Zhongdian-Yak ‎breed belongs to taxon Bos mutus grunniensis,yes
354,employer male form of label employeur,employer male form of label empleador,no
355,Apple M1 Pro microarchitecture Apple Firestorm,Apple M1 Pro microarchitecture Apple Icestorm,no
356,leptospirosis medical examination electrocardiography,leptospirosis medical examination echocardiography,no
357,Chennai subreddit Chennai,Chennai subreddit chennaii,yes
358,Great Diamond constellation Boötes,Great Diamond constellation Coma Berenices,yes
359,Czechoslovakia central bank National Bank of Czechoslovakia,Czechoslovakia central bank State Bank of Czechoslovakia,yes
360,1 mathematical inverse −1,1 mathematical inverse 1,yes
361,Latin has grammatical case vocative case,Latin has grammatical case dative case,no
362,Hastein subject named as Haftingus,Hastein subject named as Aflengus de Nantouillet,no
363,niningerite type locality (geology) Abee meteorite,niningerite type locality (geology) Indarch meteorite,yes
364,Hastein subject named as Aflengo Nantolio,Hastein subject named as Aflengus de Nantouillet,no
365,Empress Xiaogongren Eight Banner register Manchu Plain Yellow Banner,Empress Xiaogongren Eight Banner register Bondservant Division of Plain Yellow Banner,no
366,Béla Bartók list of works Szőllősy index,Béla Bartók list of works list of compositions by Béla Bartók,no
367,Fitil narrator Vladimir Yeryomin,Fitil narrator Alexander Mitta,yes
368,Trigger make-up artist Anja Dahl,Trigger make-up artist Irene Dyrdal Skar,no
369,Oder mouth of the watercourse Baltic Sea,Oder mouth of the watercourse Szczecin Lagoon,yes
370,2021 Puebla ePrix pole position Pascal Wehrlein,2021 Puebla ePrix pole position Oliver Rowland,yes
371,⺄ radical Kangxi radical 5 (⼄),⺄ radical CJK radical second three (⺄),no
372,Novoalexandrovsk flag flag,Novoalexandrovsk flag flag of Novoalexandrovsk,no
373,Waluigi wears shoe,Waluigi wears cap,no
374,Casio Exilim EX-P600 category for pictures taken with this camera Category:Taken with Casio Exilim Pro EX-P600,Casio Exilim EX-P600 category for pictures taken with this camera Category:Taken with Casio Exilim EX-P600,no
375,The Sun Also Rises copyright status public domain,The Sun Also Rises copyright status copyrighted,yes
376,iron vanadate crystal system triclinic crystal system,iron vanadate crystal system orthorhombic crystal system,yes
377,feminism opposite of antifeminism,feminism opposite of sexism,no
378,1957 Modena Grand Prix fastest lap Jean Behra,1957 Modena Grand Prix fastest lap Luigi Musso,yes
379,A2 autostrada state of use proposed building or structure,A2 autostrada state of use in use,yes
380,Cinderella nickname Cinderella,Cinderella nickname Aschenputtel,no
381,Mongolian People's Republic anthem National anthem of Mongolia,Mongolian People's Republic anthem Mongol Internationale,yes
382,Prince Albert of York (1895-1952),"later King George VI pendant of Prince Edward of York (1894-1972), later King Edward VIII, Prince Albert of York (1895-1952), later King George VI pendant of Princess Mary of York (1897-1965), later Princess Royal and Countess of Harewood",no
383,closest string computational complexity NP-hardness,closest string computational complexity NP-complete,no
384,A Bug's Life USK rating USK 0,A Bug's Life USK rating USK 6,yes
385,Obomma has characteristic color,Obomma has characteristic durability,no
386,Maria Salome und Maria Cleophae is recto of Die Verkündigung an Maria,Maria Salome und Maria Cleophae is recto of Circumcision of Jesus,yes
387,rubidium dichromate crystal system triclinic crystal system,rubidium dichromate crystal system monoclinic crystal system,yes
388,Leprechaun MAME ROM name potogold,Leprechaun MAME ROM name leprechn,yes
389,European Union legislative body Council of the European Union,European Union legislative body European Parliament,no
390,shellfish natural product of taxon Crustacea,shellfish natural product of taxon Mollusca,no
391,Kerkenes director of archaeological fieldwork Erich Schmidt,Kerkenes director of archaeological fieldwork Scott Branting,yes
392,French indigenous to Luxembourg,French indigenous to canton of Vaud,yes
393,ALGOL designed by Alan Perlis,ALGOL designed by Adriaan van Wijngaarden,no
394,Robin incarnation of Carrie Kelley,Robin incarnation of Damian Wayne,no
395,Bitrise reply to CircleCI,Bitrise reply to Travis CI,no
396,Sastavci enclave within Priboj Municipality,Sastavci enclave within Zlatibor District,no
397,Emperor Suzong of Tang family Tang dynasty,Emperor Suzong of Tang family House of Li,no
398,Unity operating system Android,Unity operating system Linux,yes
399,leptospirosis medical examination electrocardiography,leptospirosis medical examination lumbar puncture,no
400,Deniz literal translation Sea,Deniz literal translation Mar,no
401,Robin incarnation of Damian Wayne,Robin incarnation of Carrie Kelley,no
402,argument image of function Upper open interval between 0 and 2π,argument image of function set of real numbers,yes
403,metronidazole medical condition treated pneumonia,metronidazole medical condition treated postoperative complications,no
404,Amphibia main food source Arachnida,Amphibia main food source Isopoda,yes
405,Edgar Julius Jung manner of death capital punishment,Edgar Julius Jung manner of death homicide,no
406,Involuntary CNC film rating (France) no age restriction,Involuntary CNC film rating (France) warning,yes
407,Johor lowest point Straits of Johor,Johor lowest point South China Sea,yes
408,Base −1 ± i radix −1+i,Base −1 ± i radix −1−i,no
409,Ubuntu derivative work Linux Mint,Ubuntu derivative work KDE neon,no
410,Caroline Peters list of works Beautiful Women,Caroline Peters list of works Arnie's World,no
411,Australia aircraft registration prefix VJ,Australia aircraft registration prefix VL,yes
412,ARC file extension ark,ARC file extension sue,yes
413,Quechua category for films in this language Category:Quechua-language films,Quechua category for films in this language Category:Southern Quechua-language films,no
414,human properties for this type image,human properties for this type family name,no
415,Northern Local Supervoid constellation Boötes,Northern Local Supervoid constellation Virgo,yes
416,Deniz literal translation Meer,Deniz literal translation Mar,no
417,United Kingdom top-level Internet domain .gb,United Kingdom top-level Internet domain .uk,yes
418,CALLISTO designed by CNES,CALLISTO designed by German Aerospace Center,yes
419,Malta located in/on physical feature Europe,Malta located in/on physical feature Southern Europe,no
420,Pfarrkirche patron saint Paul the Apostle,Pfarrkirche patron saint Saint Peter,yes
421,Sri Lanka Bush Warbler original combination Brachypteryx palliseri,Sri Lanka Bush Warbler original combination Sri Lanka bush-warbler,no
422,Vincent Cassel filmography La Haine,Vincent Cassel filmography The Crimson Rivers,no
423,Boeing child organization/unit Boeing Commercial Airplanes,Boeing child organization/unit Boeing Spain,no
424,tenoxicam significant drug interaction aspirin,tenoxicam significant drug interaction paroxetine,no
425,VVVVVV operating system Android,VVVVVV operating system iOS,yes
426,Italian has grammatical gender feminine,Italian has grammatical gender masculine,no
427,Trophies dataset distribution digital distribution,Trophies dataset distribution vinyl record,no
428,Finland language used French,Finland language used Kurdish,no
429,Northern Local Supervoid constellation Boötes,Northern Local Supervoid constellation Serpens,yes
430,Burlakov case court Panama,Burlakov case court Russia,yes
431,Romanian Academy substitute/deputy/replacement of office/officeholder Alexandru Surdu,Romanian Academy substitute/deputy/replacement of office/officeholder Bogdan Simionescu,yes
432,RRC 546/2 central bank/issuer Mark Antony,RRC 546/2 central bank/issuer Lucius Pinarius,yes
433,The Outer Limits list of episodes list of The Outer Limits episodes,The Outer Limits list of episodes list of The Outer Limits (1995 TV series) episodes,no
434,Latin has grammatical case vocative case,Latin has grammatical case genitive case,no
435,Greece right to vote voting age,Greece right to vote universal suffrage,no
436,van Strydonck de Burkel infix van,van Strydonck de Burkel infix de,yes
437,official website corresponding template Template:Official URL,official website corresponding template Template:Official website,no
438,Paris owner of Eiffel Tower,Paris owner of The Sleepers,no
439,Alucard superhuman feature or ability telekinesis,Alucard superhuman feature or ability omnipresence,no
440,Hannah Montana list of characters list of Hannah Montana characters,Hannah Montana list of characters list of Hannah Montana main characters,yes
441,Bionicle Heroes ESRB rating Everyone,Bionicle Heroes ESRB rating Everyone 10+,yes
442,Prunus rivularis NatureServe conservation status secure,Prunus rivularis NatureServe conservation status apparently secure,yes
443,arXiv board member Robert Seiringer,arXiv board member David Robert Nelson,no
444,Chrysomeloidea this zoological name is coordinate with Chrysomelinae,Chrysomeloidea this zoological name is coordinate with Chrysomelini,yes
445,Countess Ludwika Tyzenhauz family House of Tiesenhausen,Countess Ludwika Tyzenhauz family House of Pac,yes
446,Lrp dual to gadW,Lrp dual to aspA,no
447,Grandpaw Mort Barker animal breed beagle,Grandpaw Mort Barker animal breed basset hound,yes
448,Earth child astronomical body Hubble Space Telescope,Earth child astronomical body Lemu Nge,"yes

**explanation**:  
- statement 1 claims hubble space telescope is a child astronomical body of earth (correct, as it orbits earth).  
- statement 2 claims ""lemu nge"" is a child astronomical body of earth (no such verified astronomical body exists).  
the absence of ""lemu nge"" as a real entity contradicts the factual validity of statement 2 relative to statement 1."
449,Pakistan highest judicial authority Supreme  Appellate Court Gilgit-Baltistan,Pakistan highest judicial authority Supreme Court of Azad Jammu & Kashmir,no
450,Söderkulla Church diocese Diocese of Helsinki,Söderkulla Church diocese Diocese of Borgå,yes
451,Paris owner of Eiffel Tower,Paris owner of Hôtel de Chalon-Luxembourg,no
452,Burlakov case court Panama,Burlakov case court United Kingdom,yes
453,proton interaction electromagnetic interaction,proton interaction gravity,no
454,Dendera Commons gallery Denderah,Dendera Commons gallery Dendera,no
455,Valukarama statement is subject of Walukarama Maha Viharaya,Valukarama statement is subject of Valukaramaya,no
456,Delta manufacturer Boeing,Delta manufacturer Douglas,no
457,St. Margaret Senior High School motto success,St. Margaret Senior High School motto prayer,yes
458,benzylpenicillin subject has role antibiotic,benzylpenicillin subject has role bactericide,no
459,Nobel Peace Prize winner Barack Obama,Nobel Peace Prize winner Henry Kissinger,no
460,Trine ESRB rating Everyone,Trine ESRB rating Everyone 10+,yes
461,Sur official name Yosemite,Sur official name Sur,yes
462,1 mathematical inverse 1,1 mathematical inverse −1,yes
463,arXiv board member Robert Seiringer,arXiv board member Dong Lai,no
464,Abdal relative to Abrar,Abdal relative to Ghawth,no
465,Sima power station reservoir created Sysenvatnet,Sima power station reservoir created Langvatn,no
466,Alien BBFC rating 15 certificate,Alien BBFC rating 18 certificate,yes
467,Museum für Hamburgische Geschichte content partnership category Category:Media contributed by the Hamburg Museum,Museum für Hamburgische Geschichte content partnership category Category:Cooperation images - Museum für Hamburgische Geschichte,no
468,Interflug Flight 102 start point Berlin,Interflug Flight 102 start point Berlin Schönefeld Airport,no
469,varenicline active ingredient in Champix,varenicline active ingredient in Chantix,no
470,Falles intangible cultural heritage status Festival of International Tourist Interest of Spain,Falles intangible cultural heritage status Representative List of the Intangible Cultural Heritage of Humanity,no
471,The House of the Dead ELSPA rating 3+,The House of the Dead ELSPA rating 15+,yes
472,pyrrhotite crystal system monoclinic crystal system,pyrrhotite crystal system hexagonal crystal system,yes
473,clarithromycin subject has role antibiotic,clarithromycin subject has role developmental toxicant,no
474,Ixodida natural reservoir of Oz virus,Ixodida natural reservoir of Yezo orthonairovirus,no
475,Canada diplomatic relation Hungary,Canada diplomatic relation Ukraine,no
476,First premiership of Mahathir Mohamad has cabinet Fourth Mahathir cabinet,First premiership of Mahathir Mohamad has cabinet First Mahathir cabinet,yes
477,Chrysomelini this zoological name is coordinate with Chrysomelidae,Chrysomelini this zoological name is coordinate with Chrysomelina,yes
478,shimazakiite space group space group P2₁/m,shimazakiite space group space group P2/m,yes
479,Crossover takes place in fictional universe Mirror Universe,Crossover takes place in fictional universe Star Trek universe,no
480,Lake Biel outflows Aare,Lake Biel outflows Nidau-Büren Canal,no
481,bass guitar lowest note D,bass guitar lowest note C♯,yes
482,Category:Philosophy-related glossaries list related to category glossary of philosophy,Category:Philosophy-related glossaries list related to category glossary of Stoicism terms,no
483,Pakistan highest judicial authority Supreme  Appellate Court Gilgit-Baltistan,Pakistan highest judicial authority Supreme Court of Pakistan,no
484,St. John the Baptist Cathedral,"Lublin category for the exterior of the item Category:Exterior of the Lublin Cathedral at night, St. John the Baptist Cathedral, Lublin category for the exterior of the item Category:Exterior of the Lublin Cathedral",no
485,Star Fox 64 ESRB rating Everyone,Star Fox 64 ESRB rating Kids to Adults,no
486,archdeacon next lower rank hierodeacon,archdeacon next lower rank deacon,yes
487,vanillin produced by Bacillus subtilis,vanillin produced by Aspergillus niger,no
488,banku together with stew,banku together with Shito,no
489,square root image of function complex plane,square root image of function Riemann sphere,no
490,Nobel Peace Prize winner Barack Obama,Nobel Peace Prize winner Alfred Hermann Fried,no
491,Henri-Marie Dubreil de Pontbriand diocese Montreal,Henri-Marie Dubreil de Pontbriand diocese Saint-Malo,yes
492,Camino copyright license GNU General Public License,Camino copyright license Mozilla Public License,yes
493,Spirit: Stallion of the Cimarron Australian Classification G,Spirit: Stallion of the Cimarron Australian Classification PG,yes
494,Android package management system Amazon Appstore,Android package management system Google Play,no
495,Heiban UNESCO language status 2 vulnerable,Heiban UNESCO language status 4 severely endangered,yes
496,Neftekumsk flag flag,Neftekumsk flag flag of Neftekumsk,no
497,Zelenokumsk flag flag,Zelenokumsk flag flag of Zelenokumsk,no
498,sumo regulated by Japan Sumo Federation,sumo regulated by Japan Sumo Association,yes
499,Tendermint computes solution to Byzantine fault,Tendermint computes solution to consensus,no
500,banku together with stew,banku together with Capsicum,no
501,budget type of unit for this property virtual currency,budget type of unit for this property fictional currency,yes
502,Aliens BBFC rating 15 certificate,Aliens BBFC rating 18 certificate,yes
503,Tlapanec UNESCO language status 2 vulnerable,Tlapanec UNESCO language status 4 severely endangered,yes
504,cosmopolitanism opposite of nationalism,cosmopolitanism opposite of patriotism,no
505,Oyoko (clan) totem falcon,Oyoko (clan) totem hawk,yes
506,vanillin produced by Bacillus subtilis,vanillin produced by clove,no
507,auriculo condylar syndrome mode of inheritance autosomal dominant,auriculo condylar syndrome mode of inheritance autosomal recessive,yes
508,Troy subreddit troy,Troy subreddit troyny,no
509,Septuagint edition or translation of Bible,Septuagint edition or translation of Old Testament,yes
510,National Museum of World Cultures content partnership category Category:Images from the Wereldmuseum Amsterdam,National Museum of World Cultures content partnership category Category:Files from the Nationaal Museum van Wereldculturen,no
511,Imperial Noble Consort Huixian Eight Banner register Bondservant Division of Bordered Yellow Banner,Imperial Noble Consort Huixian Eight Banner register Manchu Bordered Yellow Banner,yes
512,Erzya Language Day category for recipients of this award Chislav Zhuravlyov,Erzya Language Day category for recipients of this award Aleksandr Sharonov,no
513,Alexander CNC film rating (France) no age restriction,Alexander CNC film rating (France) warning,yes
514,Short-tailed bandicoot rat Wildlife Protection Act 1972 (India) schedule Schedule V of Wildlife Protection Act,"1972, Short-tailed bandicoot rat Wildlife Protection Act 1972 (India) schedule Schedule IV of Wildlife Protection Act, 1972",yes
515,First premiership of Mahathir Mohamad has cabinet Fourth Mahathir cabinet,First premiership of Mahathir Mohamad has cabinet Fifth Mahathir cabinet,yes
516,French has tense pluperfect,French has tense past imperfect,no
517,Nickelback record label Roadrunner Records,Nickelback record label Atlantic Records,yes
518,rafting associated hazard death,rafting associated hazard hypothermia,no
519,WrestleMania organizational divisions WWE SmackDown,WrestleMania organizational divisions WWE NXT,no
520,Troy director of archaeological fieldwork Manfred Korfmann,Troy director of archaeological fieldwork Carl Blegen,no
521,Mikhaylovsk flag flag,Mikhaylovsk flag flag of Mikhaylovsk,no
522,ampicillin subject has role antibiotic,ampicillin subject has role bactericide,no
523,Sylheti uses Wikibooks,Sylheti uses Wikidata,no
524,Wikidata dataset distribution Wikidata JSON dumps,Wikidata dataset distribution Wikidata RDF Dump Format,no
525,Yazidism diaspora Georgia,Yazidism diaspora Russia,no
526,Betacoronavirus 1 replaced synonym (for nom. nov.) Human coronavirus OC43,Betacoronavirus 1 replaced synonym (for nom. nov.) Equine coronavirus,no
527,Johor lowest point South China Sea,Johor lowest point Strait of Malacca,yes
528,Wario wears shoe,Wario wears glove,no
529,motorsport topic's main Wikimedia portal Portal:Motorcycle racing,motorsport topic's main Wikimedia portal Portal:Motorsport,yes
530,plague disease transmission process contact transmission,plague disease transmission process airborne transmission,no
531,Wikibase depends on software PHP,Wikibase depends on software JavaScript,no
532,Erzya Language Day category for recipients of this award Chislav Zhuravlyov,Erzya Language Day category for recipients of this award Vladimir Romashkin,no
533,human properties for this type image,human properties for this type height,no
534,leptospirosis anatomical location lung,leptospirosis anatomical location kidney,no
535,Nepal religion or worldview Islam,Nepal religion or worldview Kirat Mundhum,no
536,Garota fabrication method graphite,Garota fabrication method wash technique,yes
537,amen practiced by Jewish people,amen practiced by angel in Islam,no
538,Japan significant event World War II,Japan significant event Treaty of San Francisco,no
539,Portal:France Wikimedia portal's main topic France,Portal:France Wikimedia portal's main topic 5th Army,yes
540,Garrison game artist Ulrich Weltner,Garrison game artist Roland Petermann,yes
541,Valladolid coextensive with Valladolid,Valladolid coextensive with Valladolid,no
542,Sima power station reservoir created Sysenvatnet,Sima power station reservoir created Rembesdalsvatn,no
543,WarioWare,"Inc.: Mega Party Games! USK rating USK 0, WarioWare, Inc.: Mega Party Games! USK rating USK 6",yes
544,Esperantujo continent South America,Esperantujo continent Antarctica,yes
545,We Are the Others RCQ classification G,We Are the Others RCQ classification 13+,yes
546,Vim SourceForge project vimdoc,Vim SourceForge project vim,no
547,Sonic Generations PEGI rating PEGI 3,Sonic Generations PEGI rating PEGI 7,yes
548,Kascha eye color blue,Kascha eye color hazel,yes
549,2005–06 La Liga rules for classification more points,2005–06 La Liga rules for classification more head-to-head goals scored,no
550,Erzya Language Day category for recipients of this award Vladimir Romashkin,Erzya Language Day category for recipients of this award Aleksandr Sharonov,no
551,A Quiet Life EIRIN film rating G,A Quiet Life EIRIN film rating PG12,yes
552,Deniz literal translation Sea,Deniz literal translation Zee,no
553,lion produced sound roar,lion produced sound lion roar,no
554,Throne of Blood EIRIN film rating G,Throne of Blood EIRIN film rating PG12,yes
555,Paris owner of Eiffel Tower,Paris owner of Accor Arena,no
556,Fitil narrator Vladimir Yeryomin,Fitil narrator Sergey Kondratyev,yes
557,German has grammatical mood indicative,German has grammatical mood subjunctive,no
558,Pégaso web interface software Intel oneAPI Math Kernel Library,Pégaso web interface software OpenMP,no
559,Tasattur mandates veil,Tasattur mandates trousers,no
560,auriculo condylar syndrome mode of inheritance autosomal recessive,auriculo condylar syndrome mode of inheritance autosomal dominant,yes
561,soybean this taxon is source of soybean oil,soybean this taxon is source of soy bean,no
562,Japan has seal,"badge, or sigil Imperial Seal of Japan, Japan has seal, badge, or sigil national seal",no
563,tenoxicam significant drug interaction aspirin,tenoxicam significant drug interaction nabumetone,no
564,Cristinia gallica has basionym Radulum gallicum,Cristinia gallica has basionym Radulum eichleri,yes
565,Born to Raise Hell EIRIN film rating G,Born to Raise Hell EIRIN film rating PG12,yes
566,Czechoslovakia central bank State Bank of Czechoslovakia,Czechoslovakia central bank National Bank of Czechoslovakia,yes
567,The House of the Dead ELSPA rating 11+,The House of the Dead ELSPA rating 15+,yes
568,Iowa lowest point Mississippi River,Iowa lowest point Des Moines River,yes
569,Euskaldunization and Literacy Coordinator legal form cooperative,Euskaldunization and Literacy Coordinator legal form association,yes
570,Frank animal breed dachshund,Frank animal breed beagle,yes
571,Actinidiaceae has fruit type berry,Actinidiaceae has fruit type capsule,yes
572,Loire tributary Divatte,Loire tributary Somme,yes
573,Hungary member of European Union,Hungary member of International Energy Agency,no
574,Pivot depends on software PHP,Pivot depends on software MediaWiki,no
575,Latin has grammatical case ablative case,Latin has grammatical case vocative case,no
576,libcurl manifestation of HTTP,libcurl manifestation of SSH File Transfer Protocol,no
577,tow by-product of heckling,tow by-product of scutching,no
578,2005–06 La Liga rules for classification more points,2005–06 La Liga rules for classification bigger head-to-head goal difference,no
579,Deadpool 2 Hong Kong film rating Category IIB,Deadpool 2 Hong Kong film rating Category III,yes
580,tenoxicam significant drug interaction aspirin,tenoxicam significant drug interaction piroxicam,no
581,Five Nights at Freddy's BBFC rating 15 certificate,Five Nights at Freddy's BBFC rating 15A certificate,yes
582,Indiana lowest point Ohio River,Indiana lowest point Wabash River,yes
583,Beyond Oasis USK rating USK 0,Beyond Oasis USK rating USK 12,yes
584,John the Baptist and Joachim - Inzigkofen Altar is recto of Der Tempelgang Mariae,John the Baptist and Joachim - Inzigkofen Altar is recto of The Visitation,yes
585,Russia designated as terrorist by Ukraine,Russia designated as terrorist by Slovakia,no
586,Abraham worshipped by Islam,Abraham worshipped by Christianity,no
587,Twinrix vaccine for hepatitis A,Twinrix vaccine for hepatitis B,no
588,Chiquitita has melody Three Wise Guys,Chiquitita has melody Chiquitita Angelina,yes
589,knapsack problem computational complexity NP-hardness,knapsack problem computational complexity NP-complete,no
590,Michael Clarke handedness left-handedness,Michael Clarke handedness right-handedness,yes
591,2021 London ePrix pole position Stoffel Vandoorne,2021 London ePrix pole position Alex Lynn,yes
592,sine mathematical inverse arcsine,sine mathematical inverse cosecant,yes
593,square root codomain set of real numbers,square root codomain complex plane,no
594,shimazakiite space group space group P2₁/m,shimazakiite space group space group Pm,yes
595,Super Mario 64 DS PEGI rating PEGI 3,Super Mario 64 DS PEGI rating PEGI 12,yes
596,ActRaiser review score by Nintendo Power,ActRaiser review score by Electronic Gaming Monthly,no
597,Agworok people economy of topic yam,Agworok people economy of topic rice,no
598,Hymen mother Urania,Hymen mother Aphrodite,yes
599,Sollac legal form cooperative,Sollac legal form S.A.,yes
600,Cullercoats fare zone Metro fare zone C,Cullercoats fare zone Transfare Grey Zone,yes
601,ASPIC statistical unit used commune of France,ASPIC statistical unit used department of France,no
602,Saraswati worshipped by Hinduism,Saraswati worshipped by Buddhism,no
603,Egypt top-level Internet domain .مصر,Egypt top-level Internet domain .eg,no
604,Royal Tropical Institute building category for the interior of the item Category:Interior of Tropeninstituut building,Royal Tropical Institute building category for the interior of the item Category:Interior of the Wereldmuseum Amsterdam,no
605,Yazidism diaspora Georgia,Yazidism diaspora United States,no
606,Alaska foundational text An Act to provide for the admission of the State of Alaska into the Union,Alaska foundational text Constitution of Alaska,no
607,2021 New York City ePrix pole position Sam Bird,2021 New York City ePrix pole position Nick Cassidy,yes
608,Betacoronavirus 1 replaced synonym (for nom. nov.) Human coronavirus OC43,Betacoronavirus 1 replaced synonym (for nom. nov.) Human enteric coronavirus,yes
609,Saifai electoral district Mainpuri Lok Sabha constituency,Saifai electoral district Jaswantnagar Vidhan Sabha constituency,no
610,Wikibase depends on software MediaWiki,Wikibase depends on software PHP,no
611,Graveland port of registry Amsterdam,Graveland port of registry Piraeus,yes
612,Order of the Wendish Crown donated by Frederick Francis II,"Order of the Wendish Crown donated by Frederick William, Grand Duke of Mecklenburg-Strelitz",yes
613,benzylpenicillin subject has role antibiotic,benzylpenicillin subject has role penicillin,no
614,Church of the Holy Trinity category for the interior of the item Category:Interior of Dreifaltigkeitskirche (Görlitz),Church of the Holy Trinity category for the interior of the item Category:Interior of the Barbara Chapel,yes
615,RRC 517/6 central bank/issuer Mark Antony,RRC 517/6 central bank/issuer Marcus Cocceius Nerva,yes
616,acute angle opposite of right angle,acute angle opposite of turn,yes
617,racism contributing factor of persecution of Muslims in Burma,racism contributing factor of colonisation of Africa,no
618,Joseph child Jesus,Joseph child James the Just,no
619,Category:Olympic medalists in fencing list related to category list of male Olympic medalists in fencing,Category:Olympic medalists in fencing list related to category list of female Olympic medalists in fencing,no
620,Canada diplomatic relation Hungary,Canada diplomatic relation Finland,no
621,Paris owner of Eiffel Tower,Paris owner of Parc des Princes,yes
622,infinity opposite of zero,infinity opposite of infinitesimal,yes
623,rafting associated hazard giardiasis,rafting associated hazard hemlock poisoning,no
624,Category:Cultural heritage monuments in Quebec City list related to category list of historic places in Quebec City,Category:Cultural heritage monuments in Quebec City list related to category liste du patrimoine immobilier de Québec,no
625,Taiwan geography of topic geography of China,Taiwan geography of topic geography of Taiwan,no
626,Vincent Cassel filmography Ocean's Twelve,Vincent Cassel filmography La Haine,no
627,Telestar conferred by ZDF,Telestar conferred by Westdeutscher Rundfunk,no
628,Helge given name version for other gender Helga,Helge given name version for other gender Helle,yes
629,country related property country of citizenship,country related property country for sport,no
630,Dachstein category for the view from the item Category:Views from Dachstein Massif,Dachstein category for the view from the item Category:Views from Hunerkogel,no
631,ITER sponsor United States,ITER sponsor India,no
632,Charmed list of characters list of Charmed villains,Charmed list of characters list of guest characters in Charmed,no
633,ActRaiser review score by IGN,ActRaiser review score by Electronic Gaming Monthly,no
634,Xenocrates student of Plato,Xenocrates student of Aeschines of Sphettus,no
635,2021 Puebla ePrix pole position Oliver Rowland,2021 Puebla ePrix pole position Pascal Wehrlein,yes
636,Polish has conjugation class fourth conjugation,Polish has conjugation class third conjugation,no
637,Aralia castanopsiscola has basionym Pentapanax castanopsiscolus,Aralia castanopsiscola has basionym Pentapanax castanopsicola,yes
638,Kryptopithecus endemic to California,Kryptopithecus endemic to United States,no
639,racism contributing factor of colonisation of Africa,racism contributing factor of European colonization of the Americas,no
640,racism contributing factor of colonisation of Africa,racism contributing factor of The Holocaust,no
641,RELN decreased expression in bipolar disorder,RELN decreased expression in schizophrenia,no
642,Gansu party chief representative Li Ziqi,Gansu party chief representative Wang Sanyun,yes
643,Heroes broadcast by NBC,Heroes broadcast by RTL TVI,no
644,Czech has grammatical gender feminine,Czech has grammatical gender masculine,no
645,Hastein subject named as Aflingus de Nantolio,Hastein subject named as Aflengus de Nantouillet,no
646,Fitil narrator Vladimir Yeryomin,Fitil narrator Vsevolod Larionov,yes
647,Aozora Bunko copyright status public domain,Aozora Bunko copyright status copyrighted,yes
648,Pietà EIRIN film rating G,Pietà EIRIN film rating R15+,yes
649,Goh has pet Bunnelby,Goh has pet Pikachu,no
650,Durga worshipped by Hinduism,Durga worshipped by Tantra,no
651,Stargate ESRB rating Everyone,Stargate ESRB rating Kids to Adults,no
652,Switzerland flag flag of Switzerland,Switzerland flag civil ensign of Switzerland,yes
653,Prince Edward of York (1894-1972),"later King Edward VIII pendant of Princess Mary of York (1897-1965), later Princess Royal and Countess of Harewood, Prince Edward of York (1894-1972), later King Edward VIII pendant of Prince Albert of York (1895-1952), later King George VI",no
654,Białystok Cathedral category for the exterior of the item Category:Exterior of the Białystok Cathedral at night,Białystok Cathedral category for the exterior of the item Category:Exterior of the Archcathedral Basilica in Białystok,no
655,Andhaka stated in Linga Purana,Andhaka stated in Kurma Purana,no
656,Oyoko (clan) totem hawk,Oyoko (clan) totem falcon,yes
657,Francia capital Paris,Francia capital Aachen,yes
658,Google owner of Waymo,Google owner of Google Chrome Experiments,no
659,Oxyd game artist Timo Oland,Oxyd game artist Lionel Barbier,no
660,Loire-Nieuport LN.401 wing configuration monoplane,Loire-Nieuport LN.401 wing configuration Inverted gull wing,no
661,integralism in opposition to liberalism,integralism in opposition to pluralism,no
662,Nokia stock exchange New York Stock Exchange,Nokia stock exchange Nasdaq Helsinki Ltd,no
663,pascal measured physical quantity mechanical stress,pascal measured physical quantity shear modulus,no
664,Alpspitze category for the view from the item Category:Views from Alpspitze,Alpspitze category for the view from the item Category:Views from Meilerhütte,yes
665,human properties for this type image,human properties for this type ISNI,no
666,Sieglangersteg crosses Inn,Sieglangersteg crosses Inn Valley Autobahn,no
667,Zootopia theme music Everybody Hurts,Zootopia theme music Try Everything,yes
668,Sahara ecoregion (WWF) Sahara Desert,Sahara ecoregion (WWF) West Saharan montane xeric woodlands,yes
669,openSUSE GUI toolkit or framework LXDE,openSUSE GUI toolkit or framework MATE,no
670,Mount Rainier category for the view of the item Category:Views of Mount Rainier from Sumner,"Washington, Mount Rainier category for the view of the item Category:Views of Mount Rainier",no
671,Cassa di Risparmio di Voghera legal form investment,Cassa di Risparmio di Voghera legal form joint-stock company,no
672,Maria MTRCB rating R-16,Maria MTRCB rating R-18,yes
673,Quebec list of monuments list of National Historic Sites of Canada in Quebec,Quebec list of monuments list of historic places in Quebec,no
674,Merakpa ‎breed belongs to taxon Bos mutus grunniensis,Merakpa ‎breed belongs to taxon Bos grunniens,no
675,Tshangla UNESCO language status 2 vulnerable,Tshangla UNESCO language status 3 definitely endangered,yes
676,Kasuliyili Senior High School category for alumni of educational institution teacher,Kasuliyili Senior High School category for alumni of educational institution manager,no
677,Czech has grammatical gender feminine,Czech has grammatical gender neuter,no
678,Canada diplomatic relation Hungary,Canada diplomatic relation Singapore,no
679,井 grade of kanji jōyō kanji,井 grade of kanji grade 4 kyōiku kanji,no
680,Russian Soviet Federative Socialist Republic anthem State Anthem of the Soviet Union,Russian Soviet Federative Socialist Republic anthem The Internationale,yes
681,curl implementation of File Transfer Protocol,curl implementation of Gopher,no
682,ActRaiser review score by Electronic Gaming Monthly,ActRaiser review score by Nintendo Power,no
683,Yogi Bear Australian Classification G,Yogi Bear Australian Classification PG,yes
684,You are beautiful,"my forest anthem Koprivshtitsa, You are beautiful, my forest anthem National assembly of Bulgarian folk art",no
685,Moscow capital of Russia,Moscow capital of Central Federal District,no
686,National Library of Israel content partnership category Category:GLAM National Library of Israel,National Library of Israel content partnership category Category:Images donated as part of the collaboration project between National Library of Israel and Wikimedia Israel,no
687,Metropolis copyright status public domain,Metropolis copyright status copyrighted,yes
688,Rococo manner of color,Rococo manner of motion,no
689,The Crow MTRCB rating R-18,The Crow MTRCB rating R-16,yes
690,Château de Chenonceau category for the interior of the item Category:Interior of Château de Chenonceau,Château de Chenonceau category for the interior of the item Category:Interior of Château de Chenonceau before 1900,no
691,New Caledonia flag flag of France,New Caledonia flag flags of New Caledonia,no
692,Harvest place of publication Canada,Harvest place of publication United States,yes
693,Taiwan geography of topic geography of Taiwan,Taiwan geography of topic geography of China,yes
694,Adi UNESCO language status 2 vulnerable,Adi UNESCO language status 3 definitely endangered,yes
695,Michael Jackson: The Experience PEGI rating PEGI 3,Michael Jackson: The Experience PEGI rating PEGI 12,yes
696,Taiwan significant event World War II,Taiwan significant event Period of mobilization for the suppression of Communist rebellion,no
697,Dan activator of ttdR,Dan activator of ttdA,no
698,Vyborg Köppen climate classification oceanic climate,Vyborg Köppen climate classification continental climate,yes
699,Female Figure Holding a Bridle [reverse] is verso of Elisabetta Gonzaga,"died 1526, Duchess of Urbino, Wife of Guidobaldo I 1489 [obverse], Female Figure Holding a Bridle [reverse] is verso of Elisabetta Gonzaga, died 1528, Duchess of Urbino, Wife of Guidobaldo I 1489 [obverse]","yes.  

the statements are contradictory because:  
- statement 1 attributes the artwork solely to elisabetta gonzaga.  
- statement 2 lists two conflicting death years (1526 vs. 1528) for elisabetta gonzaga within the same claim, creating inconsistency."
700,CSI: NY list of characters minor characters in CSI: NY,CSI: NY list of characters list of CSI: NY characters,no
701,Silent Hill: Revelation Hong Kong film rating Category IIB,Silent Hill: Revelation Hong Kong film rating Category III,yes
702,Hustler Hollywood typically sells sex toy,Hustler Hollywood typically sells lingerie,no
703,antiproton interaction electromagnetic interaction,antiproton interaction gravity,no
704,Australia aircraft registration prefix VK,Australia aircraft registration prefix VL,yes
705,New synagogue category for the interior of the item Category:Interior of Zadní synagoga (Třebíč),New synagogue category for the interior of the item Category:Interior of Zadní synagoga (Třebíč) - Frescos,no
706,Isfahan economy of topic Economy in Isfahan,Isfahan economy of topic economy of Isfahan,no
707,Category:Olympic medalists in fencing list related to category list of male Olympic medalists in fencing,Category:Olympic medalists in fencing list related to category list of Olympic medalists in fencing,no
708,Northern Bat original combination Vespertilio nilssonii,Northern Bat original combination Vesperugo nilssonii,yes
709,Africa topic's main template Template:Countries of Africa,Africa topic's main template Template:Africa topic,no
710,ThinkPad GPU Nvidia Quadro,ThinkPad GPU GeForce,no
711,shimazakiite space group space group P2₁/m,shimazakiite space group space group P2,yes
712,National Heroes Cemetery in Rwanda category for people buried here Fred Rwigyema,National Heroes Cemetery in Rwanda category for people buried here Agathe Uwilingiyimana,no
713,Nobel Peace Prize winner Barack Obama,Nobel Peace Prize winner Carl von Ossietzky,no
714,pantoprazole active ingredient in Controloc Control,pantoprazole active ingredient in Pantecta Control,no
715,tenoxicam significant drug interaction aspirin,tenoxicam significant drug interaction clomipramine,no
716,Abbasid Caliphate capital Cairo,Abbasid Caliphate capital Hashimiyya,yes
717,yen currency symbol description 円,yen currency symbol description ¥,no
718,Online Database of Tibetan Living Buddhas online access status registration required,Online Database of Tibetan Living Buddhas online access status location restricted to country of publication,no
719,S15 state of use proposed building or structure,S15 state of use building or structure under construction,no
720,Maria Salome und Maria Cleophae is recto of Circumcision of Jesus,Maria Salome und Maria Cleophae is recto of Die Verkündigung an Maria,yes
721,Allies of the First World War opposite of Germany,Allies of the First World War opposite of Ottoman Empire,no
722,Thelxiepea mother Terpsichore,Thelxiepea mother Sterope,yes
723,square root image of function Riemann sphere,square root image of function set of non-negative real numbers,yes
724,United States Minor Outlying Islands lowest point Caribbean Sea,United States Minor Outlying Islands lowest point Pacific Ocean,yes
725,Wario wears shoe,Wario wears cap,no
726,Tbilisi capital of Georgia,Tbilisi capital of Kingdom of Iberia,no
727,Colosseum in art category for the exterior of the item Category:Exterior of the Colosseum in art,Colosseum in art category for the exterior of the item Category:Colosseum in art - Exterior,no
728,Hastein subject named as Aflengus de Nantouillet,Hastein subject named as Aflingus de  Nantoletium,no
729,Olympia director of photography Hans Ertl,Olympia director of photography Sepp Ketterer,yes
730,square root image of function complex plane,square root image of function set of non-negative real numbers,yes
731,Fitil narrator Vladimir Yeryomin,Fitil narrator Vladimir Zaytsev,yes
732,匁 grade of kanji jōyō kanji,匁 grade of kanji jinmeiyō kanji,yes
733,Roman Kingdom legislative body Citizens' Assemblies of the Roman Kingdom,Roman Kingdom legislative body Senate of the Roman Kingdom,no
734,Dunghutti totem Australian Raven,Dunghutti totem Mantodea,no
735,Sierra GPU Nvidia Tesla,Sierra GPU Volta,yes
736,Wuhan Huanan Seafood Wholesale Market typically sells snake,Wuhan Huanan Seafood Wholesale Market typically sells Microchiroptera,no
737,Sonic Adventure 2 PEGI rating PEGI 3,Sonic Adventure 2 PEGI rating PEGI 7,yes
738,Midsommar MTRCB rating R-16,Midsommar MTRCB rating R-18,yes
739,Jessica hair color red hair,Jessica hair color auburn hair,no
740,Sigurd patronym or matronym for this name Sigurdsson,Sigurd patronym or matronym for this name Sigurdsdatter,no
741,rhonchi biological phase inspiration phase,rhonchi biological phase expiration phase,no
742,Narrenzunft Kuckuck motto Narri – Narro,Narrenzunft Kuckuck motto Ho Narro,yes
743,Alaska lowest point Arctic Ocean,Alaska lowest point Pacific Ocean,yes
744,Google owner of Google Drive,Google owner of Gears,no
745,Gustav Ritter von Kahr manner of death capital punishment,Gustav Ritter von Kahr manner of death homicide,yes
746,square root codomain Riemann sphere,square root codomain complex plane,yes
747,Super Metroid ESRB rating Everyone,Super Metroid ESRB rating Kids to Adults,no
748,Apple M1 Max microarchitecture Apple Icestorm,Apple M1 Max microarchitecture Apple Firestorm,no
749,Great Diamond constellation Boötes,Great Diamond constellation Leo,no
750,Gliwice Cathedral category for the exterior of the item Category:Exterior of the Gliwice Cathedral at night,Gliwice Cathedral category for the exterior of the item Category:Exterior of the Gliwice Cathedral,no
751,RRC 517/4b central bank/issuer Mark Antony,RRC 517/4b central bank/issuer Marcus Cocceius Nerva,yes
752,Traveller game mechanics procedural generation,Traveller game mechanics lifepath character generation,no
753,Inigo Montoya handedness ambidexterity,Inigo Montoya handedness right-handedness,yes
754,Germanicus agnomen Germanicus,Germanicus agnomen Claudianus,yes
755,anxiety measurement scale Karolinska Scales of Personality,anxiety measurement scale Taylor Manifest Anxiety Scale,no
756,Aranesp therapeutic area anemia,Aranesp therapeutic area chronic renal insufficiency,no
757,Hastein subject named as Aflingus de  Nantoletium,Hastein subject named as Aflengo Nantolio,no
758,Russian Socialist Federative Soviet Republic anthem The Internationale,Russian Socialist Federative Soviet Republic anthem Worker's Marseillaise,yes
759,Japan right to vote age limit,Japan right to vote universal suffrage,no
760,square root codomain Riemann sphere,square root codomain set of real numbers,yes
761,Sylheti uses Wikibooks,Sylheti uses Wikinews,no
762,Kubanochoerus location of discovery Africa,Kubanochoerus location of discovery Eurasia,yes
763,polydipsia suggests the existence of nephrogenic diabetes insipidus,polydipsia suggests the existence of diabetes,no
764,budget type of unit for this property currency,budget type of unit for this property virtual currency,yes
765,Loviisa Church diocese Diocese of Helsinki,Loviisa Church diocese Diocese of Borgå,yes
766,American Reunion Hong Kong film rating Category IIB,American Reunion Hong Kong film rating Category III,yes
767,Bambi art director Dick Kelsey,Bambi art director Al Zinnen,no
768,1937 Donington Grand Prix fastest lap Manfred von Brauchitsch,1937 Donington Grand Prix fastest lap Bernd Rosemeyer,yes
769,1937 Donington Grand Prix fastest lap Bernd Rosemeyer,1937 Donington Grand Prix fastest lap Manfred von Brauchitsch,yes
770,Istiqama excluding nifak,Istiqama excluding Kufr,no
771,Yale University motto Lux et veritas,Yale University motto Urim and Thummim,yes
772,Enchodus location of discovery Africa,Enchodus location of discovery Colorado,no
773,Aygün Kazimova category of associated people Alim Qasimov,Aygün Kazimova category of associated people Snoop Dogg,no
774,Portuguese language regulatory body Brazilian Academy of Letters,Portuguese language regulatory body Academy of Sciences of Lisbon,no
775,water phase point critical point,water phase point triple point,no
776,participant in inverse property participant,participant in inverse property participating team,no
777,London twinned administrative body Berlin,London twinned administrative body Moscow,no
778,Dachstein category for the view from the item Category:Views from Hunerkogel,Dachstein category for the view from the item Category:Views from Dachstein Massif,no
779,亇 radical Kangxi radical 6 (⼅),亇 radical Kangxi radical 4 (⼃),yes
780,Frank animal breed beagle,Frank animal breed dachshund,yes
781,Doryclus Hederich encyclopedia article Doricops,Doryclus Hederich encyclopedia article Doryclvs,no
782,Michael Jackson: The Experience Australian Classification G,Michael Jackson: The Experience Australian Classification PG,yes
783,(31384) 1998 XE96 site of astronomical discovery Mérida,(31384) 1998 XE96 site of astronomical discovery Llano del Hato National Astronomical Observatory,no
784,mapping dedicated to history,mapping dedicated to Polandball,no
785,RRC 517/1 central bank/issuer Mark Antony,RRC 517/1 central bank/issuer Marcus Barbatius Pollio,yes
786,Sri Lanka Bush Warbler original combination Sri Lanka bush-warbler,Sri Lanka Bush Warbler original combination Brachypteryx palliseri,yes
787,Abseamed therapeutic area anemia,Abseamed therapeutic area chronic renal insufficiency,no
788,2023 Diriyah ePrix pole position Sébastien Buemi,2023 Diriyah ePrix pole position Jake Hughes,yes
789,polydipsia suggests the existence of dipsogenic diabetes insipidus,polydipsia suggests the existence of gestational diabetes insipidus,no
790,Category:Twelve Imams list related to category The Twelve Imams,Category:Twelve Imams list related to category list of Ismaili imams,yes
791,Valukarama statement is subject of Valukaramaya,Valukarama statement is subject of Walukarama Maha Viharaya,no
792,Westfields Infant School Ofsted inspection rating Good,Westfields Infant School Ofsted inspection rating Requires Improvement,yes
793,Wildspitze parent peak Ortler,Wildspitze parent peak Finsteraarhorn,yes
794,Jin Jian Eight Banner register Manchu Plain Yellow Banner,Jin Jian Eight Banner register Bondservant Division of Plain Yellow Banner,no
795,de Miñaur infix space,de Miñaur infix de,yes
796,Belvedere on the Klausberg state of use ruins,Belvedere on the Klausberg state of use observation tower,yes
797,Metroid Prime 2: Echoes CERO rating A (All ages),Metroid Prime 2: Echoes CERO rating B (Ages 12 and up),yes
798,Aralia castanopsiscola has basionym Pentapanax castanopsicola,Aralia castanopsiscola has basionym Pentapanax castanopsiscolus,yes
799,square root codomain complex plane,square root codomain Riemann sphere,yes
800,Merakpa ‎breed belongs to taxon Bos grunniens,Merakpa ‎breed belongs to taxon Bos mutus grunniensis,no
801,Leprechaun MAME ROM name leprechn,Leprechaun MAME ROM name potogold,yes
802,Goh has pet Sandile,Goh has pet Ariados,no
803,pascal measured physical quantity mechanical stress,pascal measured physical quantity bulk modulus,no
804,People's Republic of China top-level Internet domain .中國,People's Republic of China top-level Internet domain .cn,no
805,Mathematica writable file format XML,Mathematica writable file format Keyhole Markup Language,no
806,Taiwan highest judicial authority Justice of the Judicial Yuan,Taiwan highest judicial authority Supreme Court of the Republic of China,yes
807,Clayton native label Clayton,Clayton native label Clayton,no
808,shimazakiite space group space group P2₁/m,shimazakiite space group space group P2₁,yes
809,Caroline Peters list of works Beautiful Women,Caroline Peters list of works Contergan,no
810,French has tense pluperfect,French has tense past participle,no
811,Quake copyright license GNU General Public License,Quake copyright license shareware,yes
812,We Are the Others RCQ classification 13+,We Are the Others RCQ classification G,yes
813,vanillin produced by Aspergillus niger,vanillin produced by Psychrobacter,no
814,HSBC stock exchange New York Stock Exchange,HSBC stock exchange London Stock Exchange,no
815,rafting associated hazard giardiasis,rafting associated hazard sunburn,no
816,Australia aircraft registration prefix VN,Australia aircraft registration prefix VI,no
817,Cooperativa Nacional de Productores de Leche legal form cooperative,Cooperativa Nacional de Productores de Leche legal form Empresa pública no estatal,yes
818,Primal Fear NMHH film rating Category V,Primal Fear NMHH film rating Category IV,yes
819,People's Republic of China top-level Internet domain .公司,People's Republic of China top-level Internet domain .cn,no
820,Borsele contains settlement Hoedekenskerke,Borsele contains settlement Heinkenszand,no
821,Matsutake edibility edible mushroom,Matsutake edibility choice mushroom,no
822,Gansu party chief representative Song Zhaosu,Gansu party chief representative Xian Henghan,yes
823,spaceflight practiced by astronaut,spaceflight practiced by taikonaut,no
824,John the Baptist and Joachim - Inzigkofen Altar is recto of The Visitation,John the Baptist and Joachim - Inzigkofen Altar is recto of Der Tempelgang Mariae,yes
825,Himalayan field rat Wildlife Protection Act 1972 (India) schedule Schedule V of Wildlife Protection Act,"1972, Himalayan field rat Wildlife Protection Act 1972 (India) schedule Schedule IV of Wildlife Protection Act, 1972",yes
826,Korabl-Sputnik 1 space launch vehicle Vostok-L,Korabl-Sputnik 1 space launch vehicle Luna 8K72,yes
827,Abdal relative to Ghawth,Abdal relative to Qutb,no
828,Czechoslovakia legislative body National Assembly of the Czechoslovak Socialist Republic,Czechoslovakia legislative body Provisional National Assembly of Czechoslavakia,yes
829,girth less than domination number,girth less than independence number,no
830,pantoprazole active ingredient in Controloc Control,pantoprazole active ingredient in Pantoloc Control,no
831,2024 EBSA European Snooker Championship tournament type qualification tournament,2024 EBSA European Snooker Championship tournament type championship,yes
832,Thanksgiving foods traditionally associated mashed potato,Thanksgiving foods traditionally associated pumpkin pie,no
833,mapping dedicated to history,mapping dedicated to war,no
834,Lycaena alciphron original combination Papilio alciphron,Lycaena alciphron original combination Chrysophanus alciphron,yes
835,Empire of Brazil flag flag of Brazil,Empire of Brazil flag Flag of the Empire of Brazil,yes
836,Ixodida natural reservoir of Yezo orthonairovirus,Ixodida natural reservoir of Oz virus,no
837,German has grammatical mood indicative,German has grammatical mood imperative,no
838,Enchodus location of discovery Africa,Enchodus location of discovery Alabama,yes
839,Rebellion performer Linkin Park,Rebellion performer Daron Malakian,no
840,Sylheti uses Wikibooks,Sylheti uses BabelNet,no
841,Gardens of the Rector’s fountain moved by Sant Climent de Llobregat city council,Gardens of the Rector’s fountain moved by Àmbit metropolità de Barcelona,yes
842,2005–06 La Liga rules for classification more points,2005–06 La Liga rules for classification more goals scored,no
843,Project 5155 moved by Publicity Department of the Chinese Communist Party,Project 5155 moved by General Administration of Press and Publication,yes
844,Unitas port of registry Groningen,Unitas port of registry Mariehamn,yes
845,alternation calculated from permutation,alternation calculated from covariant tensor,no
846,GRB 970508 site of astronomical discovery BeppoSAX,GRB 970508 site of astronomical discovery Ulysses,yes
847,Category:1562 in Spain category for the view of the item Category:View of Madrid (final drawing),"Anthonis van den Wijngaerde, Category:1562 in Spain category for the view of the item Category:View of Madrid (preparatory drawing), Anthonis van den Wijngaerde",no
848,Aygün Kazimova category of associated people Snoop Dogg,Aygün Kazimova category of associated people Sinan Akçıl,no
849,Deniz literal translation Sea,Deniz literal translation Meer,no
850,Anastasia Australian Classification G,Anastasia Australian Classification PG,yes
851,k-minimum spanning tree problem computational complexity NP-hardness,k-minimum spanning tree problem computational complexity APX,no
852,Hypoxidaceae has fruit type berry,Hypoxidaceae has fruit type capsule,yes
853,Amphibia main food source Arachnida,Amphibia main food source worm,yes
854,participant in inverse property participating team,participant in inverse property participant,no
855,崎 grade of kanji jōyō kanji,崎 grade of kanji grade 4 kyōiku kanji,no
856,2005–06 La Liga rules for classification more points,2005–06 La Liga rules for classification bigger goal difference,yes
857,Roxana manner of death capital punishment,Roxana manner of death homicide,yes
858,tetraisocyanatosilane crystal system triclinic crystal system,tetraisocyanatosilane crystal system monoclinic crystal system,yes
859,MatrizNet statistical unit used work of art,MatrizNet statistical unit used authority file,no
860,Manx2 Flight 7100 start point Northern Ireland,Manx2 Flight 7100 start point George Best Belfast City Airport,no
861,Saraswati domain of saint or deity art,Saraswati domain of saint or deity knowledge,no
862,Wildspitze parent peak Ortler,Wildspitze parent peak Mont Blanc,yes
863,Dromaeosaurus location of discovery Canada,Dromaeosaurus location of discovery Aguja Formation,yes
864,tetanus possible treatment cardiac glycoside,tetanus possible treatment pharmacotherapy,no
865,Le Dep RCQ classification G,Le Dep RCQ classification 13+,yes
866,Draba albertina NatureServe conservation status secure,Draba albertina NatureServe conservation status apparently secure,no
867,Maria MTRCB rating R-18,Maria MTRCB rating R-16,yes
868,The House of the Dead ELSPA rating 11+,The House of the Dead ELSPA rating 3+,yes
869,One Direction: This Is Us NMHH film rating Category I,One Direction: This Is Us NMHH film rating Category II,yes
870,kitsch has contributing factor Industrial Revolution,kitsch has contributing factor plastic,no
871,Artifact takes place in fictional universe Dota 2,Artifact takes place in fictional universe Dota universe,no
872,Lake Manzala outflows Suez Canal,Lake Manzala outflows Mediterranean Sea,yes
873,A2 autostrada state of use proposed building or structure,A2 autostrada state of use building or structure under construction,no
874,OpenStreetMap Datahub page openstreetmap,OpenStreetMap Datahub page osm,no
875,Celastraceae has fruit type berry,Celastraceae has fruit type capsule,yes
876,Korabl-Sputnik 1 space launch vehicle Luna 8K72,Korabl-Sputnik 1 space launch vehicle Vostok-L,yes
877,Lycaena alciphron original combination Chrysophanus alciphron,Lycaena alciphron original combination Papilio alciphron,yes
878,Sabena Flight 571 start point Belgium,Sabena Flight 571 start point Brussels Airport,no
879,migration may prevent disease inbreeding,migration may prevent disease homozygote,no
880,The House of the Dead ELSPA rating 15+,The House of the Dead ELSPA rating 11+,yes
881,Maldives highest point Villingili,Maldives highest point Addu City,no
882,central bank topic's main template Template:Infobox central bank,central bank topic's main template Template:Central banks,yes
883,Burlakov case court Panama,Burlakov case court Latvia,yes
884,Fundamenta Informaticae online access status open access,Fundamenta Informaticae online access status paywall,yes
885,museum shop typically sells book,museum shop typically sells postcard,no
886,Sevastopol legislative body Legislative Assembly of Sevastopol,Sevastopol legislative body Sevastopol Municipality,no
887,Troy director of archaeological fieldwork Manfred Korfmann,Troy director of archaeological fieldwork Heinrich Schliemann,yes
888,凡 radical Kangxi radical 3 (⼂),凡 radical Kangxi radical 16 (⼏),yes
889,vanillin produced by Bacillus subtilis,vanillin produced by Streptomyces,no
890,Lrp dual to ytfJ,Lrp dual to adhE,no
891,Moscow capital of Russia,Moscow capital of Moscow Oblast,no
892,Sotion time period Roman Empire,Sotion time period Hellenistic period,yes
893,Deniz literal translation Sea,Deniz literal translation Mer,no
894,Taiwan highest judicial authority Justice of the Judicial Yuan,Taiwan highest judicial authority Judicial Yuan,no
895,Paris owner of Eiffel Tower,Paris owner of Paris Bourse,no
896,2023 Monza F1 Academy round fastest lap Abbi Pulling,2023 Monza F1 Academy round fastest lap Marta García,yes
897,Dunghutti totem Australian Raven,Dunghutti totem Mantodea,no
898,Heroes broadcast by NBC,Heroes broadcast by Addik,no
899,Salzlecken direction east,Salzlecken direction west,yes
900,Icelandic has tense past tense,Icelandic has tense present tense,no
901,Fitil narrator Artyom Karapetyan,Fitil narrator Vladimir Zaytsev,yes
902,Margraviate of Brandenburg capital Berlin,Margraviate of Brandenburg capital Brandenburg an der Havel,yes
903,Fitil narrator Vladimir Zaytsev,Fitil narrator Viktoriya Lepko,no
904,(35678) 1998 XW96 site of astronomical discovery Mérida,(35678) 1998 XW96 site of astronomical discovery Llano del Hato National Astronomical Observatory,no
905,Gold Box takes place in fictional universe Forgotten Realms,Gold Box takes place in fictional universe Dragonlance,no
906,knapsack problem computational complexity NP-complete,knapsack problem computational complexity NP-hardness,no
907,Centre for Eastern European Studies substitute/deputy/replacement of office/officeholder Helena Krasowska,Centre for Eastern European Studies substitute/deputy/replacement of office/officeholder Adam Eberhardt,no
908,Loire tributary Divatte,Loire tributary Borne,no
909,KWrite copyright license GNU General Public License,KWrite copyright license GNU Lesser General Public License,yes
910,human properties for this type image,human properties for this type ethnic group,no
911,Hesperiinae this zoological name is coordinate with Hesperiidae,Hesperiinae this zoological name is coordinate with Hesperioidea,yes
912,Kingdom of Slavonia legislative body Parliament of Croatia,Kingdom of Slavonia legislative body Parliament of Slavonia,yes
913,Sweden history of topic Folkunga Dynasty,Sweden history of topic Kingdom of Sweden,no
914,athletics record or record progression list of African records in athletics,athletics record or record progression list of Olympic records in athletics,no
915,Kingdom of France capital Paris,Kingdom of France capital Versailles,yes
916,Tony Hawk's Downhill Jam PEGI rating PEGI 3,Tony Hawk's Downhill Jam PEGI rating PEGI 12,yes
917,Agworok people economy of topic rice,Agworok people economy of topic maize farming,yes
918,Lesser bandicoot rat Wildlife Protection Act 1972 (India) schedule Schedule V of Wildlife Protection Act,"1972, Lesser bandicoot rat Wildlife Protection Act 1972 (India) schedule Schedule IV of Wildlife Protection Act, 1972",yes
919,Abdal relative to Abrar,Abdal relative to Awtad,no
920,Paris capital of France,Paris capital of Grand Paris,no
921,Vincent Cassel filmography La Haine,Vincent Cassel filmography Eastern Promises,no
922,Bakugan list of characters list of Bakugan Battle Brawlers characters,Bakugan list of characters list of Bakugan,no
923,Indiana lowest point Ohio River,Indiana lowest point Wabash River,yes
924,Finland language used French,Finland language used Lingala,yes
925,Elektro has part(s) of the class wheel,Elektro has part(s) of the class electric motor,no
926,de Vleeschauwer van Braekel infix van,de Vleeschauwer van Braekel infix de,yes
927,Ravenswood takes place in fictional universe Pretty Little Liars,Ravenswood takes place in fictional universe Pretty Little Liars: The Perfectionists,no
928,tenoxicam significant drug interaction aspirin,tenoxicam significant drug interaction methylprednisolone,no
929,London twinned administrative body Berlin,London twinned administrative body Amsterdam,no
930,Retacrit therapeutic area cancer,Retacrit therapeutic area chronic renal insufficiency,no
931,hyperbolic cotangent mathematical inverse hyperbolic tangent,hyperbolic cotangent mathematical inverse inverse hyperbolic cotangent,yes
932,Gansu party chief representative Yan Haiwang,Gansu party chief representative Wang Sanyun,yes
933,Taiwan highest judicial authority Judicial Yuan,Taiwan highest judicial authority Justice of the Judicial Yuan,no
934,Balarama incarnation of Vishnu,Balarama incarnation of Shesha,no
935,Mount Si category for the view of the item Category:Views of Mount Si from Snoqualmie,Mount Si category for the view of the item Category:Views of Mount Si from North Bend,no
936,Burlakov case court Panama,Burlakov case court Switzerland,yes
937,greenalite streak color grayish green,greenalite streak color white,yes
938,aspirin medical condition treated myocardial infarction,aspirin medical condition treated inflammation,no
939,Korean Empire central bank Bank of Korea,Korean Empire central bank Daiichi Bank,yes
940,Die Heiligen Georg und Mauritius is verso of Die Heiligen Margareta und Ottilia,Die Heiligen Georg und Mauritius is verso of Die Heiligen Genoveva und Lucia,yes
941,Carolodarwinia temporal range end Lutetian,Carolodarwinia temporal range end Mustersan,yes
942,malaria possible treatment antipyretic,malaria possible treatment intravenous fluid replacement,no
943,incineration by-product carbon dioxide,incineration by-product ash,no
944,Bambi art director Dick Kelsey,Bambi art director McLaren Stewart,no
945,yen currency symbol description ¥,yen currency symbol description 円,no
946,soft-furred rat Wildlife Protection Act 1972 (India) schedule Schedule V of Wildlife Protection Act,"1972, soft-furred rat Wildlife Protection Act 1972 (India) schedule Schedule IV of Wildlife Protection Act, 1972",yes
947,metronidazole medical condition treated pneumonia,metronidazole medical condition treated bacterial infectious disease,no
948,Cinderella nickname Cinderella,Cinderella nickname Cendrillon,no
949,Dunghutti totem Mantodea,Dunghutti totem Australian Raven,no
950,tetraisocyanatosilane crystal system monoclinic crystal system,tetraisocyanatosilane crystal system triclinic crystal system,yes
951,Bonita copyright license GNU General Public License,Bonita copyright license GNU Lesser General Public License,yes
952,Haapa ‎breed belongs to taxon Bos grunniens,Haapa ‎breed belongs to taxon Bos mutus grunniensis,no
